PassengerId,Survived,Pclass,Name,Sex,Age,SibSp,Parch,Ticket,Fare,Cabin,Embarked
1,1,1,Passenger_1,male,29.0,0,0,TKT10001,187.09,,
2,0,2,Passenger_2,male,19.0,3,2,TKT10002,127.07,,S
3,0,2,Passenger_3,male,40.0,2,2,TKT10003,126.72,C21,Q
4,0,1,Passenger_4,female,38.0,0,0,TKT10004,208.76,,C
5,1,2,Passenger_5,female,23.0,0,1,TKT10005,84.92,C164,S
6,0,3,Passenger_6,male,,0,1,TKT10006,85.98,C146,C
7,1,3,Passenger_7,female,22.0,3,1,TKT10007,29.12,C110,S
8,1,2,Passenger_8,female,18.0,1,3,TKT10008,17.05,,S
9,1,2,Passenger_9,female,17.0,4,0,TKT10009,107.29,,S
10,0,2,Passenger_10,male,21.0,3,0,TKT10010,149.18,,Q
11,1,3,Passenger_11,female,23.0,4,0,TKT10011,63.23,C79,C
12,0,3,Passenger_12,male,24.0,0,3,TKT10012,85.39,,Q
13,0,2,Passenger_13,female,40.0,4,1,TKT10013,112.3,,C
14,1,2,Passenger_14,male,19.0,4,1,TKT10014,93.23,,S
15,1,3,Passenger_15,female,18.0,4,1,TKT10015,75.93,,Q
16,1,3,Passenger_16,male,28.0,2,3,TKT10016,44.05,,Q
17,1,2,Passenger_17,female,30.0,3,1,TKT10017,45.78,C26,S
18,0,3,Passenger_18,male,39.0,1,1,TKT10018,43.57,,C
19,1,2,Passenger_19,female,,4,3,TKT10019,26.83,C16,C
20,1,3,Passenger_20,male,19.0,4,1,TKT10020,7.89,,Q
21,0,2,Passenger_21,male,51.0,4,0,TKT10021,97.97,,C
22,1,2,Passenger_22,female,50.0,1,2,TKT10022,73.14,,S
23,0,3,Passenger_23,male,26.0,1,2,TKT10023,31.18,,C
24,0,2,Passenger_24,male,62.0,0,1,TKT10024,43.62,,S
25,1,3,Passenger_25,female,19.0,2,0,TKT10025,11.51,,C
26,0,3,Passenger_26,male,4.0,3,0,TKT10026,13.5,C150,Q
27,1,3,Passenger_27,female,42.0,0,2,TKT10027,23.53,,S
28,0,3,Passenger_28,male,33.0,1,3,TKT10028,4.61,,Q
29,0,2,Passenger_29,male,41.0,0,3,TKT10029,37.19,C58,
30,0,2,Passenger_30,male,48.0,0,2,TKT10030,56.89,,Q
31,0,2,Passenger_31,male,45.0,0,3,TKT10031,56.06,,C
32,0,1,Passenger_32,male,62.0,3,0,TKT10032,165.48,,Q
33,1,3,Passenger_33,female,19.0,2,2,TKT10033,70.16,,C
34,1,3,Passenger_34,female,55.0,2,3,TKT10034,58.02,C156,S
35,1,3,Passenger_35,female,20.0,1,0,TKT10035,31.05,C193,Q
36,1,3,Passenger_36,female,33.0,1,0,TKT10036,6.8,,C
37,1,3,Passenger_37,male,19.0,0,0,TKT10037,81.55,,S
38,0,3,Passenger_38,male,30.0,3,2,TKT10038,99.07,,C
39,1,2,Passenger_39,female,29.0,1,2,TKT10039,120.39,,Q
40,0,2,Passenger_40,male,14.0,4,0,TKT10040,24.31,,S
41,1,3,Passenger_41,female,,3,0,TKT10041,89.54,,Q
42,1,3,Passenger_42,female,,4,1,TKT10042,51.92,,C
43,1,3,Passenger_43,female,,4,0,TKT10043,94.67,,Q
44,1,1,Passenger_44,female,3.0,3,2,TKT10044,71.07,,C
45,1,3,Passenger_45,female,38.0,0,2,TKT10045,24.97,C64,S
46,0,1,Passenger_46,male,16.0,1,3,TKT10046,211.27,,Q
47,1,1,Passenger_47,male,36.0,2,3,TKT10047,127.73,C63,Q
48,1,3,Passenger_48,female,,4,0,TKT10048,37.53,,
49,1,3,Passenger_49,female,58.0,3,1,TKT10049,46.54,,Q
50,1,2,Passenger_50,female,51.0,4,2,TKT10050,52.48,,S
51,1,1,Passenger_51,female,56.0,1,2,TKT10051,250.59,C143,
52,0,2,Passenger_52,male,34.0,3,3,TKT10052,88.14,,S
53,0,2,Passenger_53,male,33.0,4,2,TKT10053,75.59,,Q
54,1,2,Passenger_54,female,51.0,1,0,TKT10054,113.57,C48,C
55,1,3,Passenger_55,female,23.0,2,0,TKT10055,87.08,,C
56,1,3,Passenger_56,female,1.0,4,2,TKT10056,73.28,,
57,1,3,Passenger_57,female,,2,3,TKT10057,13.73,,S
58,0,3,Passenger_58,male,31.0,0,1,TKT10058,14.18,,C
59,1,2,Passenger_59,female,24.0,4,0,TKT10059,96.47,,Q
60,0,2,Passenger_60,male,47.0,4,0,TKT10060,27.09,,C
61,1,2,Passenger_61,female,39.0,4,1,TKT10061,68.22,,Q
62,0,3,Passenger_62,male,34.0,4,2,TKT10062,46.91,C129,C
63,0,3,Passenger_63,female,6.0,4,2,TKT10063,4.72,C196,S
64,1,1,Passenger_64,female,13.0,1,3,TKT10064,165.18,,C
65,0,3,Passenger_65,male,22.0,1,2,TKT10065,44.11,C141,C
66,0,2,Passenger_66,male,40.0,0,3,TKT10066,135.56,,S
67,1,3,Passenger_67,female,30.0,1,2,TKT10067,58.15,,C
68,0,2,Passenger_68,male,10.0,0,3,TKT10068,17.4,C128,S
69,1,3,Passenger_69,female,25.0,3,1,TKT10069,48.71,,S
70,0,3,Passenger_70,male,,3,2,TKT10070,97.45,C151,Q
71,0,2,Passenger_71,female,14.0,4,3,TKT10071,72.85,,C
72,1,2,Passenger_72,female,35.0,3,3,TKT10072,62.24,,Q
73,1,1,Passenger_73,male,42.0,3,0,TKT10073,167.32,C40,C
74,0,3,Passenger_74,female,27.0,3,0,TKT10074,89.03,C195,Q
75,0,3,Passenger_75,male,47.0,1,0,TKT10075,46.38,,S
76,1,1,Passenger_76,female,38.0,0,2,TKT10076,116.03,,C
77,0,3,Passenger_77,male,54.0,1,3,TKT10077,95.27,,S
78,0,3,Passenger_78,female,43.0,1,0,TKT10078,47.18,,C
79,1,1,Passenger_79,female,57.0,3,2,TKT10079,182.29,,Q
80,0,3,Passenger_80,male,29.0,2,1,TKT10080,64.05,,C
81,1,2,Passenger_81,male,46.0,3,0,TKT10081,91.87,,Q
82,0,3,Passenger_82,male,18.0,2,2,TKT10082,86.86,C76,C
83,1,3,Passenger_83,female,24.0,1,3,TKT10083,100.83,,Q
84,1,3,Passenger_84,female,31.0,2,3,TKT10084,86.04,,C
85,0,3,Passenger_85,female,30.0,2,3,TKT10085,13.99,,S
86,1,3,Passenger_86,male,34.0,4,3,TKT10086,62.04,,Q
87,1,2,Passenger_87,female,43.0,1,2,TKT10087,18.34,,Q
88,1,3,Passenger_88,female,32.0,3,0,TKT10088,69.74,,Q
89,0,3,Passenger_89,male,37.0,4,1,TKT10089,85.08,C1,S
90,1,3,Passenger_90,male,55.0,1,0,TKT10090,69.57,C151,S
91,0,3,Passenger_91,male,51.0,0,3,TKT10091,47.84,,C
92,0,2,Passenger_92,male,37.0,0,0,TKT10092,156.03,C114,C
93,0,2,Passenger_93,male,25.0,4,2,TKT10093,61.45,,Q
94,0,3,Passenger_94,male,26.0,1,3,TKT10094,48.18,,S
95,1,3,Passenger_95,female,25.0,3,0,TKT10095,11.4,C34,S
96,1,2,Passenger_96,female,39.0,3,0,TKT10096,151.41,,Q
97,0,3,Passenger_97,female,37.0,0,2,TKT10097,60.69,,C
98,0,3,Passenger_98,male,19.0,2,0,TKT10098,20.5,,Q
99,0,3,Passenger_99,male,27.0,0,0,TKT10099,78.25,,S
100,1,3,Passenger_100,female,25.0,0,1,TKT10100,18.15,,Q
101,1,1,Passenger_101,female,26.0,3,0,TKT10101,92.99,,Q
102,0,2,Passenger_102,male,,1,1,TKT10102,120.14,C45,C
103,0,2,Passenger_103,male,10.0,3,0,TKT10103,69.92,,C
104,1,1,Passenger_104,female,22.0,0,2,TKT10104,58.89,,Q
105,1,1,Passenger_105,male,16.0,2,2,TKT10105,74.11,,S
106,1,3,Passenger_106,female,35.0,1,1,TKT10106,12.58,C168,C
107,1,2,Passenger_107,female,30.0,4,2,TKT10107,135.46,,Q
108,1,1,Passenger_108,female,6.0,4,0,TKT10108,101.31,,C
109,0,3,Passenger_109,male,18.0,0,3,TKT10109,94.88,,Q
110,1,1,Passenger_110,male,22.0,2,0,TKT10110,160.77,C135,S
111,0,2,Passenger_111,male,22.0,2,0,TKT10111,123.98,,Q
112,0,3,Passenger_112,female,38.0,2,0,TKT10112,61.57,,S
113,0,2,Passenger_113,male,,1,0,TKT10113,102.05,,C
114,1,1,Passenger_114,female,22.0,1,1,TKT10114,29.88,C135,S
115,1,1,Passenger_115,female,39.0,4,1,TKT10115,227.11,,S
116,1,2,Passenger_116,female,39.0,1,2,TKT10116,150.98,,C
117,1,1,Passenger_117,female,15.0,1,1,TKT10117,273.61,,S
118,1,1,Passenger_118,male,29.0,1,2,TKT10118,143.85,C57,Q
119,1,2,Passenger_119,female,17.0,3,0,TKT10119,60.53,C86,S
120,0,2,Passenger_120,male,,3,1,TKT10120,119.32,,C
121,0,2,Passenger_121,male,47.0,2,1,TKT10121,49.24,,S
122,1,3,Passenger_122,female,22.0,4,1,TKT10122,75.43,,C
123,1,3,Passenger_123,male,35.0,4,0,TKT10123,41.94,,C
124,1,2,Passenger_124,female,29.0,0,2,TKT10124,23.55,,C
125,1,1,Passenger_125,female,12.0,3,0,TKT10125,96.12,,S
126,0,3,Passenger_126,female,11.0,0,1,TKT10126,31.29,,S
127,1,3,Passenger_127,female,25.0,2,2,TKT10127,83.87,C47,Q
128,1,1,Passenger_128,female,37.0,2,2,TKT10128,142.81,,Q
129,1,3,Passenger_129,female,41.0,0,0,TKT10129,70.6,,C
130,0,3,Passenger_130,male,29.0,3,0,TKT10130,14.97,,S
131,0,3,Passenger_131,male,42.0,4,1,TKT10131,56.13,C7,C
132,1,2,Passenger_132,female,25.0,4,0,TKT10132,43.21,,C
133,1,3,Passenger_133,female,49.0,3,0,TKT10133,84.82,,C
134,0,3,Passenger_134,female,49.0,1,2,TKT10134,54.02,,S
135,1,3,Passenger_135,female,35.0,0,0,TKT10135,33.66,C148,Q
136,1,2,Passenger_136,female,13.0,4,2,TKT10136,22.78,C111,Q
137,0,1,Passenger_137,male,18.0,1,2,TKT10137,296.42,,Q
138,1,3,Passenger_138,male,28.0,0,1,TKT10138,62.5,C155,Q
139,0,3,Passenger_139,male,,2,1,TKT10139,80.38,C140,C
140,1,2,Passenger_140,female,46.0,3,2,TKT10140,72.57,,Q
141,0,3,Passenger_141,male,37.0,2,3,TKT10141,15.43,,C
142,1,1,Passenger_142,female,20.0,0,2,TKT10142,295.77,C84,Q
143,0,3,Passenger_143,female,31.0,3,2,TKT10143,52.86,,S
144,0,3,Passenger_144,male,13.0,3,2,TKT10144,56.87,C196,S
145,0,2,Passenger_145,male,47.0,2,0,TKT10145,62.28,C175,C
146,0,2,Passenger_146,male,35.0,2,2,TKT10146,118.73,,S
147,1,3,Passenger_147,female,22.0,1,2,TKT10147,97.16,C77,C
148,0,2,Passenger_148,female,29.0,0,2,TKT10148,53.85,C177,S
149,1,3,Passenger_149,female,53.0,4,1,TKT10149,75.73,C199,Q
150,1,1,Passenger_150,male,24.0,0,1,TKT10150,12.05,,C
151,1,3,Passenger_151,female,25.0,3,3,TKT10151,34.11,,S
152,0,3,Passenger_152,female,13.0,1,2,TKT10152,59.05,C177,S
153,1,3,Passenger_153,female,11.0,2,2,TKT10153,14.52,,Q
154,1,1,Passenger_154,male,56.0,0,2,TKT10154,289.23,,Q
155,1,2,Passenger_155,female,47.0,0,1,TKT10155,100.81,,S
156,0,3,Passenger_156,male,44.0,1,3,TKT10156,68.73,C83,C
157,0,3,Passenger_157,male,,0,1,TKT10157,44.74,C127,S
158,1,1,Passenger_158,female,21.0,4,0,TKT10158,290.59,,C
159,1,1,Passenger_159,male,21.0,1,3,TKT10159,204.79,C146,Q
160,0,3,Passenger_160,male,31.0,3,3,TKT10160,54.68,C123,S
161,1,3,Passenger_161,male,29.0,2,2,TKT10161,61.54,,Q
162,0,2,Passenger_162,male,40.0,3,2,TKT10162,108.83,,Q
163,0,3,Passenger_163,male,43.0,3,3,TKT10163,79.4,,Q
164,1,2,Passenger_164,male,49.0,2,0,TKT10164,143.58,,S
165,1,1,Passenger_165,male,,1,3,TKT10165,34.1,,Q
166,0,3,Passenger_166,male,44.0,2,0,TKT10166,42.5,,S
167,0,1,Passenger_167,male,62.0,3,0,TKT10167,94.17,,S
168,1,3,Passenger_168,female,28.0,3,3,TKT10168,10.28,,Q
169,1,3,Passenger_169,female,57.0,0,2,TKT10169,49.35,C64,Q
170,0,1,Passenger_170,male,57.0,0,0,TKT10170,254.15,,C
171,1,1,Passenger_171,male,12.0,0,3,TKT10171,140.68,,Q
172,0,3,Passenger_172,female,17.0,4,2,TKT10172,61.03,C134,Q
173,0,3,Passenger_173,female,61.0,1,3,TKT10173,58.83,C82,S
174,1,2,Passenger_174,female,42.0,1,3,TKT10174,40.02,C15,S
175,1,2,Passenger_175,female,16.0,2,0,TKT10175,144.34,,C
176,1,1,Passenger_176,male,27.0,4,1,TKT10176,153.06,,C
177,0,3,Passenger_177,male,48.0,3,1,TKT10177,58.44,,C
178,1,1,Passenger_178,female,,3,2,TKT10178,286.26,C190,C
179,1,2,Passenger_179,female,46.0,1,1,TKT10179,53.64,,C
180,1,3,Passenger_180,female,22.0,3,3,TKT10180,49.13,C126,Q
181,0,3,Passenger_181,male,56.0,0,0,TKT10181,44.18,,Q
182,1,3,Passenger_182,female,35.0,4,3,TKT10182,69.39,,S
183,1,3,Passenger_183,female,32.0,3,1,TKT10183,13.01,,S
184,1,3,Passenger_184,female,29.0,0,2,TKT10184,100.01,,C
185,0,3,Passenger_185,male,41.0,0,0,TKT10185,73.83,C145,S
186,0,3,Passenger_186,male,37.0,1,1,TKT10186,94.09,,Q
187,1,3,Passenger_187,female,26.0,2,0,TKT10187,100.23,C20,Q
188,1,3,Passenger_188,male,28.0,3,2,TKT10188,41.27,C129,Q
189,1,1,Passenger_189,female,38.0,4,3,TKT10189,302.98,C126,C
190,1,1,Passenger_190,female,35.0,4,3,TKT10190,32.49,,Q
191,1,1,Passenger_191,female,29.0,0,2,TKT10191,142.45,,C
192,1,1,Passenger_192,female,17.0,2,0,TKT10192,189.06,C186,C
193,1,1,Passenger_193,male,8.0,2,2,TKT10193,88.45,,S
194,0,2,Passenger_194,male,27.0,1,3,TKT10194,94.05,,S
195,0,3,Passenger_195,female,16.0,4,1,TKT10195,32.75,C82,Q
196,1,3,Passenger_196,female,35.0,2,3,TKT10196,30.7,,C
197,1,3,Passenger_197,male,52.0,1,3,TKT10197,83.51,C173,Q
198,1,2,Passenger_198,female,33.0,1,3,TKT10198,123.95,,S
199,1,3,Passenger_199,female,65.0,4,0,TKT10199,13.25,,S
200,1,3,Passenger_200,female,38.0,3,0,TKT10200,3.16,,C
201,0,3,Passenger_201,male,19.0,4,1,TKT10201,37.3,C22,S
202,0,2,Passenger_202,male,41.0,3,1,TKT10202,82.92,,C
203,1,3,Passenger_203,female,32.0,0,1,TKT10203,97.01,,Q
204,1,3,Passenger_204,female,23.0,1,1,TKT10204,67.47,C116,C
205,1,3,Passenger_205,female,27.0,0,0,TKT10205,83.7,,Q
206,1,3,Passenger_206,female,20.0,2,3,TKT10206,64.49,,Q
207,1,2,Passenger_207,female,12.0,1,2,TKT10207,21.03,,C
208,1,1,Passenger_208,female,18.0,4,1,TKT10208,176.19,C159,C
209,1,2,Passenger_209,female,20.0,4,3,TKT10209,65.77,,C
210,0,2,Passenger_210,male,30.0,2,1,TKT10210,85.45,C127,S
211,0,3,Passenger_211,male,48.0,2,0,TKT10211,79.67,,C
212,0,3,Passenger_212,male,45.0,0,3,TKT10212,28.91,C61,S
213,1,1,Passenger_213,female,24.0,1,1,TKT10213,252.92,,Q
214,0,3,Passenger_214,female,23.0,4,0,TKT10214,15.92,,C
215,0,3,Passenger_215,male,23.0,3,3,TKT10215,16.6,,Q
216,0,3,Passenger_216,male,,2,2,TKT10216,48.5,C188,C
217,0,2,Passenger_217,female,44.0,3,1,TKT10217,78.88,,C
218,1,1,Passenger_218,female,,3,0,TKT10218,44.3,C52,S
219,0,2,Passenger_219,male,47.0,2,2,TKT10219,15.75,,Q
220,1,3,Passenger_220,male,57.0,0,0,TKT10220,23.87,,
221,1,1,Passenger_221,female,44.0,0,1,TKT10221,123.57,,Q
222,1,1,Passenger_222,male,28.0,4,0,TKT10222,193.16,,S
223,1,1,Passenger_223,female,19.0,0,1,TKT10223,236.69,,Q
224,1,3,Passenger_224,male,4.0,1,2,TKT10224,81.6,C53,Q
225,0,3,Passenger_225,male,28.0,1,3,TKT10225,41.48,,S
226,1,1,Passenger_226,female,34.0,4,3,TKT10226,118.16,C19,
227,0,1,Passenger_227,male,29.0,3,2,TKT10227,198.75,,Q
228,1,1,Passenger_228,male,33.0,0,1,TKT10228,304.63,,S
229,1,3,Passenger_229,male,22.0,0,1,TKT10229,10.88,,C
230,1,1,Passenger_230,male,8.0,1,0,TKT10230,56.42,C43,C
231,1,3,Passenger_231,female,30.0,2,0,TKT10231,28.93,,Q
232,1,1,Passenger_232,male,26.0,0,0,TKT10232,76.2,,Q
233,1,3,Passenger_233,female,37.0,0,3,TKT10233,25.0,,S
234,0,3,Passenger_234,female,,0,1,TKT10234,24.87,,Q
235,1,2,Passenger_235,female,43.0,2,2,TKT10235,116.37,,S
236,1,3,Passenger_236,male,37.0,1,1,TKT10236,2.73,,C
237,0,3,Passenger_237,male,50.0,2,0,TKT10237,23.03,C37,S
238,0,3,Passenger_238,male,30.0,4,3,TKT10238,73.63,,C
239,0,3,Passenger_239,female,25.0,1,1,TKT10239,31.86,,C
240,0,3,Passenger_240,male,27.0,1,0,TKT10240,17.95,,S
241,0,1,Passenger_241,male,26.0,1,2,TKT10241,259.33,,Q
242,1,3,Passenger_242,female,40.0,2,2,TKT10242,85.8,,S
243,1,1,Passenger_243,male,5.0,0,0,TKT10243,260.55,,S
244,0,3,Passenger_244,male,35.0,0,0,TKT10244,103.88,,S
245,1,1,Passenger_245,female,45.0,4,3,TKT10245,257.89,,C
246,0,2,Passenger_246,male,34.0,1,0,TKT10246,97.16,,Q
247,0,1,Passenger_247,male,28.0,4,1,TKT10247,199.42,,Q
248,1,3,Passenger_248,female,37.0,4,2,TKT10248,41.73,,S
249,1,2,Passenger_249,female,35.0,4,1,TKT10249,152.27,,S
250,1,3,Passenger_250,male,15.0,3,2,TKT10250,97.55,C179,S
251,0,3,Passenger_251,male,47.0,1,3,TKT10251,57.43,,S
252,1,2,Passenger_252,female,24.0,4,1,TKT10252,126.61,C83,C
253,0,1,Passenger_253,male,27.0,4,2,TKT10253,300.42,,C
254,0,3,Passenger_254,male,22.0,3,2,TKT10254,19.87,C58,Q
255,1,1,Passenger_255,male,22.0,0,3,TKT10255,266.79,C157,Q
256,1,1,Passenger_256,male,50.0,0,1,TKT10256,112.46,,C
257,1,3,Passenger_257,female,39.0,2,2,TKT10257,82.42,C43,Q
258,1,2,Passenger_258,female,30.0,3,0,TKT10258,130.04,,Q
259,0,1,Passenger_259,male,40.0,2,1,TKT10259,278.18,,S
260,1,2,Passenger_260,female,31.0,1,3,TKT10260,27.18,,S
261,1,2,Passenger_261,female,28.0,4,3,TKT10261,26.64,C161,C
262,0,1,Passenger_262,male,36.0,1,2,TKT10262,305.47,,C
263,0,2,Passenger_263,male,19.0,1,3,TKT10263,9.96,,C
264,0,3,Passenger_264,male,,4,3,TKT10264,101.18,,Q
265,1,1,Passenger_265,female,41.0,0,1,TKT10265,43.09,C50,C
266,1,3,Passenger_266,female,19.0,3,1,TKT10266,103.89,,Q
267,0,2,Passenger_267,male,19.0,2,3,TKT10267,143.57,,S
268,1,1,Passenger_268,female,39.0,4,0,TKT10268,289.51,C89,Q
269,1,3,Passenger_269,female,19.0,1,2,TKT10269,43.22,,Q
270,1,1,Passenger_270,female,14.0,3,2,TKT10270,280.97,,S
271,0,2,Passenger_271,male,55.0,2,2,TKT10271,114.72,,Q
272,1,3,Passenger_272,female,58.0,0,1,TKT10272,8.78,C146,
273,0,3,Passenger_273,male,35.0,2,1,TKT10273,30.05,,C
274,1,3,Passenger_274,female,20.0,1,3,TKT10274,61.99,,C
275,0,3,Passenger_275,male,34.0,1,1,TKT10275,68.17,,Q
276,0,3,Passenger_276,male,30.0,1,0,TKT10276,24.93,C165,Q
277,1,2,Passenger_277,female,20.0,4,3,TKT10277,92.62,C96,S
278,1,3,Passenger_278,female,32.0,3,0,TKT10278,36.41,,C
279,1,3,Passenger_279,female,,4,3,TKT10279,69.51,,Q
280,1,2,Passenger_280,female,49.0,0,1,TKT10280,55.67,C172,Q
281,1,1,Passenger_281,female,45.0,0,3,TKT10281,45.43,C175,C
282,0,2,Passenger_282,male,5.0,2,3,TKT10282,123.8,,C
283,0,3,Passenger_283,male,12.0,1,0,TKT10283,90.64,C39,C
284,1,2,Passenger_284,male,20.0,4,3,TKT10284,25.06,,Q
285,1,3,Passenger_285,female,41.0,1,1,TKT10285,52.06,,S
286,0,1,Passenger_286,female,30.0,4,1,TKT10286,230.01,,
287,1,1,Passenger_287,male,25.0,3,2,TKT10287,57.4,C153,S
288,0,2,Passenger_288,female,17.0,3,2,TKT10288,117.99,,S
289,1,1,Passenger_289,male,28.0,2,0,TKT10289,121.15,,Q
290,1,1,Passenger_290,male,11.0,0,3,TKT10290,142.32,,S
291,0,3,Passenger_291,male,24.0,4,1,TKT10291,44.84,,S
292,1,3,Passenger_292,female,,2,1,TKT10292,38.62,,C
293,1,1,Passenger_293,female,,0,3,TKT10293,51.93,C66,S
294,0,2,Passenger_294,female,32.0,0,0,TKT10294,127.64,,S
295,1,1,Passenger_295,male,42.0,2,3,TKT10295,298.75,,C
296,1,3,Passenger_296,female,13.0,3,3,TKT10296,68.32,,S
297,0,3,Passenger_297,male,13.0,3,1,TKT10297,64.49,C187,C
298,0,3,Passenger_298,male,39.0,0,3,TKT10298,47.07,C174,S
299,0,3,Passenger_299,male,8.0,3,1,TKT10299,51.28,C143,Q
300,1,3,Passenger_300,male,27.0,1,3,TKT10300,89.05,,S
301,0,2,Passenger_301,male,33.0,1,0,TKT10301,73.42,,Q
302,0,1,Passenger_302,female,49.0,3,0,TKT10302,176.87,,S
303,0,1,Passenger_303,male,42.0,1,3,TKT10303,107.92,,Q
304,0,2,Passenger_304,male,25.0,2,2,TKT10304,110.63,C191,S
305,0,3,Passenger_305,male,23.0,3,1,TKT10305,48.74,,S
306,0,3,Passenger_306,male,,4,1,TKT10306,100.48,C150,S
307,1,1,Passenger_307,male,41.0,4,2,TKT10307,160.63,,C
308,1,3,Passenger_308,female,52.0,3,1,TKT10308,16.19,,Q
309,0,3,Passenger_309,female,23.0,2,2,TKT10309,96.12,,S
310,1,3,Passenger_310,female,23.0,4,3,TKT10310,61.58,C137,Q
311,0,1,Passenger_311,female,26.0,0,1,TKT10311,88.01,,S
312,0,1,Passenger_312,male,29.0,3,0,TKT10312,194.93,,Q
313,1,3,Passenger_313,female,42.0,2,0,TKT10313,3.41,C114,C
314,1,3,Passenger_314,female,23.0,4,1,TKT10314,81.31,,S
315,1,2,Passenger_315,male,32.0,2,1,TKT10315,27.77,C11,C
316,1,1,Passenger_316,female,,4,2,TKT10316,156.48,C135,Q
317,0,2,Passenger_317,male,45.0,4,3,TKT10317,17.2,,S
318,1,3,Passenger_318,female,36.0,0,0,TKT10318,70.37,C63,C
319,0,2,Passenger_319,female,59.0,4,2,TKT10319,6.91,,Q
320,0,3,Passenger_320,male,13.0,0,1,TKT10320,101.27,,Q
321,1,3,Passenger_321,male,34.0,3,0,TKT10321,78.33,,S
322,0,3,Passenger_322,male,21.0,4,1,TKT10322,95.08,,
323,1,1,Passenger_323,male,52.0,4,0,TKT10323,220.9,,S
324,1,3,Passenger_324,male,30.0,3,3,TKT10324,42.42,,Q
325,1,3,Passenger_325,female,,2,0,TKT10325,58.59,,Q
326,0,2,Passenger_326,male,57.0,2,1,TKT10326,66.31,,Q
327,1,3,Passenger_327,female,,0,3,TKT10327,67.89,,S
328,0,2,Passenger_328,female,43.0,1,0,TKT10328,46.79,,S
329,0,3,Passenger_329,male,6.0,1,0,TKT10329,34.06,,S
330,1,3,Passenger_330,female,19.0,2,2,TKT10330,51.79,C36,S
331,0,3,Passenger_331,male,27.0,0,0,TKT10331,85.04,C142,Q
332,1,2,Passenger_332,female,10.0,1,2,TKT10332,23.63,,Q
333,0,3,Passenger_333,male,,4,1,TKT10333,77.21,C60,C
334,1,1,Passenger_334,female,36.0,1,2,TKT10334,125.1,,C
335,1,2,Passenger_335,female,13.0,3,2,TKT10335,93.11,C133,S
336,1,3,Passenger_336,female,21.0,4,0,TKT10336,53.31,,S
337,1,3,Passenger_337,male,40.0,1,3,TKT10337,84.89,,Q
338,1,2,Passenger_338,female,45.0,1,1,TKT10338,23.75,,Q
339,0,3,Passenger_339,male,48.0,0,2,TKT10339,98.78,C44,S
340,1,1,Passenger_340,female,25.0,4,1,TKT10340,197.11,,Q
341,1,1,Passenger_341,male,24.0,4,3,TKT10341,259.37,,Q
342,0,3,Passenger_342,male,35.0,1,0,TKT10342,93.65,,Q
343,1,3,Passenger_343,female,44.0,2,0,TKT10343,45.52,C73,C
344,1,1,Passenger_344,female,23.0,0,0,TKT10344,165.43,,C
345,0,3,Passenger_345,male,23.0,3,2,TKT10345,64.55,,Q
346,0,3,Passenger_346,male,21.0,3,2,TKT10346,102.99,C169,Q
347,0,1,Passenger_347,male,,4,3,TKT10347,246.99,,Q
348,0,3,Passenger_348,male,1.0,4,3,TKT10348,11.08,,C
349,1,3,Passenger_349,female,23.0,0,1,TKT10349,67.45,C133,C
350,0,3,Passenger_350,male,,1,1,TKT10350,70.89,,C
351,1,2,Passenger_351,female,23.0,0,0,TKT10351,143.87,C90,Q
352,1,3,Passenger_352,female,17.0,1,3,TKT10352,96.99,,Q
353,1,3,Passenger_353,female,53.0,4,2,TKT10353,72.95,C199,C
354,1,3,Passenger_354,female,21.0,3,0,TKT10354,28.4,,C
355,1,1,Passenger_355,female,46.0,2,1,TKT10355,94.23,,C
356,1,2,Passenger_356,female,25.0,4,2,TKT10356,31.11,,Q
357,1,2,Passenger_357,male,,4,2,TKT10357,27.01,C127,S
358,0,2,Passenger_358,male,39.0,2,3,TKT10358,140.65,C131,Q
359,0,2,Passenger_359,male,41.0,4,0,TKT10359,80.07,,C
360,1,3,Passenger_360,female,42.0,0,1,TKT10360,40.82,,S
361,0,2,Passenger_361,male,11.0,3,3,TKT10361,35.36,,Q
362,0,3,Passenger_362,male,33.0,0,2,TKT10362,84.17,,Q
363,0,3,Passenger_363,male,32.0,4,2,TKT10363,82.25,,C
364,0,2,Passenger_364,male,21.0,2,3,TKT10364,131.59,,S
365,1,3,Passenger_365,female,37.0,4,1,TKT10365,60.97,C91,Q
366,0,3,Passenger_366,female,30.0,3,2,TKT10366,49.42,,S
367,1,2,Passenger_367,female,41.0,2,2,TKT10367,95.82,C93,C
368,1,1,Passenger_368,female,36.0,0,1,TKT10368,229.13,C54,Q
369,1,3,Passenger_369,male,56.0,0,3,TKT10369,55.57,,S
370,1,2,Passenger_370,female,41.0,2,3,TKT10370,99.05,,S
371,1,3,Passenger_371,female,2.0,4,3,TKT10371,15.88,,Q
372,1,3,Passenger_372,female,35.0,4,2,TKT10372,94.87,,C
373,1,3,Passenger_373,female,29.0,1,2,TKT10373,31.36,C123,Q
374,1,3,Passenger_374,female,30.0,0,2,TKT10374,21.33,C166,Q
375,1,2,Passenger_375,female,28.0,4,2,TKT10375,46.72,,Q
376,1,1,Passenger_376,male,44.0,3,3,TKT10376,89.59,,Q
377,1,1,Passenger_377,male,41.0,3,0,TKT10377,77.55,,S
378,1,3,Passenger_378,female,28.0,0,2,TKT10378,10.27,,S
379,1,1,Passenger_379,male,40.0,1,3,TKT10379,242.44,,C
380,0,3,Passenger_380,male,6.0,1,3,TKT10380,41.81,C191,C
381,0,2,Passenger_381,male,18.0,0,1,TKT10381,152.16,,S
382,0,3,Passenger_382,male,31.0,0,0,TKT10382,61.4,,Q
383,0,3,Passenger_383,male,46.0,0,0,TKT10383,38.38,,S
384,1,3,Passenger_384,female,,0,3,TKT10384,38.65,C144,S
385,0,2,Passenger_385,female,,3,2,TKT10385,135.99,,Q
386,1,2,Passenger_386,female,22.0,0,3,TKT10386,115.47,,S
387,0,3,Passenger_387,male,33.0,4,1,TKT10387,64.66,,C
388,1,1,Passenger_388,male,21.0,0,1,TKT10388,39.04,C169,S
389,1,1,Passenger_389,female,17.0,1,3,TKT10389,290.57,,S
390,1,3,Passenger_390,female,44.0,0,2,TKT10390,56.09,C133,Q
391,0,3,Passenger_391,male,23.0,4,1,TKT10391,59.09,,Q
392,1,3,Passenger_392,female,36.0,1,1,TKT10392,58.23,C114,Q
393,1,2,Passenger_393,female,42.0,3,2,TKT10393,96.29,,Q
394,1,2,Passenger_394,female,29.0,3,0,TKT10394,114.34,C78,
395,0,3,Passenger_395,male,31.0,2,1,TKT10395,11.71,,C
396,0,3,Passenger_396,male,27.0,0,3,TKT10396,60.18,C45,S
397,0,3,Passenger_397,male,27.0,3,0,TKT10397,81.72,,C
398,0,3,Passenger_398,male,26.0,3,0,TKT10398,33.2,,S
399,0,3,Passenger_399,male,7.0,4,0,TKT10399,24.75,,C
400,1,2,Passenger_400,male,1.0,0,3,TKT10400,79.97,,Q
401,0,2,Passenger_401,male,12.0,0,2,TKT10401,122.07,,C
402,0,1,Passenger_402,female,14.0,2,0,TKT10402,241.96,,S
403,0,3,Passenger_403,male,34.0,0,0,TKT10403,77.58,C74,
404,0,3,Passenger_404,male,42.0,0,2,TKT10404,23.42,C141,Q
405,0,3,Passenger_405,male,8.0,2,1,TKT10405,8.22,,S
406,0,2,Passenger_406,male,51.0,2,2,TKT10406,135.47,,S
407,1,1,Passenger_407,male,11.0,1,3,TKT10407,177.96,,Q
408,0,1,Passenger_408,female,31.0,2,2,TKT10408,197.73,,S
409,1,2,Passenger_409,female,62.0,2,3,TKT10409,103.72,,S
410,0,2,Passenger_410,male,18.0,1,3,TKT10410,151.74,,Q
411,0,3,Passenger_411,male,22.0,1,3,TKT10411,103.73,,S
412,0,2,Passenger_412,male,50.0,1,0,TKT10412,120.33,C164,C
413,1,1,Passenger_413,female,31.0,4,2,TKT10413,191.72,,Q
414,1,3,Passenger_414,female,23.0,4,3,TKT10414,74.77,,C
415,0,3,Passenger_415,male,,3,1,TKT10415,77.87,C113,S
416,1,3,Passenger_416,female,50.0,1,3,TKT10416,43.41,C101,S
417,0,3,Passenger_417,male,41.0,1,3,TKT10417,102.52,,S
418,1,2,Passenger_418,female,39.0,2,2,TKT10418,73.77,,C
419,1,1,Passenger_419,female,43.0,4,1,TKT10419,126.63,,C
420,1,1,Passenger_420,male,38.0,2,1,TKT10420,226.25,,S
421,0,3,Passenger_421,female,23.0,0,1,TKT10421,95.21,,Q
422,0,2,Passenger_422,male,24.0,3,2,TKT10422,99.05,,S
423,0,3,Passenger_423,male,13.0,4,3,TKT10423,26.37,,Q
424,1,3,Passenger_424,male,30.0,2,1,TKT10424,7.08,,S
425,1,2,Passenger_425,female,33.0,1,1,TKT10425,106.04,,Q
426,1,2,Passenger_426,female,27.0,0,0,TKT10426,120.8,,C
427,0,3,Passenger_427,male,,2,3,TKT10427,55.64,,Q
428,0,3,Passenger_428,male,31.0,4,2,TKT10428,45.68,,C
429,1,3,Passenger_429,female,,4,1,TKT10429,74.42,,S
430,0,3,Passenger_430,male,13.0,3,0,TKT10430,36.16,,Q
431,1,2,Passenger_431,female,24.0,0,0,TKT10431,108.14,C45,C
432,1,3,Passenger_432,female,45.0,0,1,TKT10432,51.24,C119,Q
433,1,3,Passenger_433,female,36.0,2,0,TKT10433,23.34,C17,Q
434,1,2,Passenger_434,female,19.0,3,1,TKT10434,90.56,C79,C
435,1,3,Passenger_435,female,29.0,2,3,TKT10435,86.76,,C
436,1,2,Passenger_436,male,35.0,0,3,TKT10436,141.7,C135,S
437,1,3,Passenger_437,female,30.0,4,1,TKT10437,23.03,,
438,0,3,Passenger_438,male,23.0,2,3,TKT10438,92.85,,S
439,1,2,Passenger_439,female,26.0,2,3,TKT10439,105.89,,C
440,0,3,Passenger_440,male,38.0,4,2,TKT10440,29.75,,Q
441,1,3,Passenger_441,female,23.0,0,0,TKT10441,41.24,,S
442,1,2,Passenger_442,female,32.0,2,1,TKT10442,112.29,C146,Q
443,1,3,Passenger_443,female,9.0,3,3,TKT10443,25.74,,S
444,0,3,Passenger_444,male,35.0,2,3,TKT10444,51.85,,S
445,1,2,Passenger_445,female,15.0,0,2,TKT10445,88.29,,S
446,0,1,Passenger_446,male,22.0,3,3,TKT10446,26.48,,S
447,0,3,Passenger_447,male,27.0,4,3,TKT10447,13.75,C46,Q
448,1,3,Passenger_448,female,25.0,4,3,TKT10448,35.51,C149,Q
449,0,2,Passenger_449,male,21.0,4,3,TKT10449,33.09,C174,Q
450,1,3,Passenger_450,female,16.0,4,0,TKT10450,64.51,,Q
451,0,2,Passenger_451,male,22.0,2,0,TKT10451,39.15,C104,Q
452,0,3,Passenger_452,male,5.0,1,3,TKT10452,88.17,C172,C
453,0,3,Passenger_453,male,25.0,3,1,TKT10453,10.73,C179,Q
454,1,1,Passenger_454,female,23.0,4,3,TKT10454,175.32,,
455,1,3,Passenger_455,female,27.0,4,2,TKT10455,5.5,,S
456,0,3,Passenger_456,male,19.0,4,2,TKT10456,49.55,,S
457,0,1,Passenger_457,male,33.0,2,0,TKT10457,149.84,,Q
458,1,1,Passenger_458,female,18.0,4,2,TKT10458,228.89,,Q
459,1,1,Passenger_459,female,45.0,0,2,TKT10459,83.44,,Q
460,0,3,Passenger_460,male,32.0,3,2,TKT10460,84.55,,C
461,0,3,Passenger_461,male,66.0,1,3,TKT10461,78.93,,C
462,1,3,Passenger_462,male,26.0,2,0,TKT10462,67.65,,S
463,0,2,Passenger_463,male,24.0,4,3,TKT10463,4.94,,C
464,0,3,Passenger_464,male,17.0,3,2,TKT10464,36.28,,C
465,1,3,Passenger_465,male,,1,2,TKT10465,57.99,,Q
466,1,2,Passenger_466,female,,2,2,TKT10466,32.69,,S
467,0,1,Passenger_467,male,15.0,4,1,TKT10467,121.39,,Q
468,1,3,Passenger_468,female,13.0,2,3,TKT10468,72.75,,Q
469,0,2,Passenger_469,male,1.0,2,1,TKT10469,70.59,,C
470,0,3,Passenger_470,male,59.0,3,1,TKT10470,64.76,,S
471,1,3,Passenger_471,female,46.0,0,0,TKT10471,69.93,,
472,0,2,Passenger_472,female,31.0,0,1,TKT10472,3.63,C92,Q
473,1,3,Passenger_473,female,74.0,2,2,TKT10473,10.3,,C
474,1,2,Passenger_474,female,46.0,3,0,TKT10474,99.69,,C
475,0,2,Passenger_475,male,76.0,3,0,TKT10475,124.51,C116,Q
476,0,2,Passenger_476,male,37.0,2,0,TKT10476,65.22,,S
477,1,3,Passenger_477,male,30.0,3,0,TKT10477,50.19,,Q
478,1,3,Passenger_478,male,35.0,0,3,TKT10478,64.48,,Q
479,0,3,Passenger_479,male,34.0,3,2,TKT10479,14.42,C55,Q
480,0,1,Passenger_480,male,16.0,2,1,TKT10480,238.25,C11,S
481,0,1,Passenger_481,female,46.0,1,0,TKT10481,222.69,C178,Q
482,0,3,Passenger_482,male,31.0,3,1,TKT10482,97.85,C157,Q
483,1,1,Passenger_483,female,14.0,4,0,TKT10483,195.79,,Q
484,1,1,Passenger_484,male,38.0,1,3,TKT10484,158.61,,S
485,1,1,Passenger_485,female,38.0,0,1,TKT10485,54.65,C185,S
486,1,1,Passenger_486,female,7.0,2,1,TKT10486,244.81,,C
487,1,3,Passenger_487,male,14.0,1,1,TKT10487,96.81,,C
488,1,2,Passenger_488,female,32.0,1,0,TKT10488,109.12,,S
489,1,3,Passenger_489,female,44.0,4,1,TKT10489,61.1,,Q
490,1,2,Passenger_490,female,17.0,3,1,TKT10490,41.07,,C
491,0,3,Passenger_491,male,33.0,4,0,TKT10491,45.54,C116,C
492,0,3,Passenger_492,male,29.0,3,1,TKT10492,15.63,,C
493,1,1,Passenger_493,male,44.0,3,3,TKT10493,242.62,,Q
494,0,2,Passenger_494,male,11.0,2,0,TKT10494,48.54,,C
495,1,1,Passenger_495,male,,2,0,TKT10495,40.23,,C
496,0,3,Passenger_496,male,14.0,1,1,TKT10496,102.25,C193,S
497,0,3,Passenger_497,male,17.0,3,2,TKT10497,7.64,,C
498,1,3,Passenger_498,female,57.0,0,1,TKT10498,93.13,,C
499,1,1,Passenger_499,male,33.0,1,1,TKT10499,165.71,,Q
500,0,2,Passenger_500,female,35.0,0,2,TKT10500,32.07,,S
501,1,3,Passenger_501,female,9.0,4,3,TKT10501,48.84,,Q
502,0,3,Passenger_502,female,31.0,0,1,TKT10502,38.13,,C
503,1,3,Passenger_503,male,33.0,4,1,TKT10503,47.09,,C
504,0,2,Passenger_504,female,35.0,4,1,TKT10504,84.84,,S
505,0,3,Passenger_505,female,52.0,2,2,TKT10505,50.46,,C
506,1,3,Passenger_506,female,,3,0,TKT10506,16.32,,Q
507,1,1,Passenger_507,female,21.0,4,1,TKT10507,245.52,C174,C
508,0,2,Passenger_508,male,46.0,3,2,TKT10508,95.49,,Q
509,1,2,Passenger_509,female,28.0,2,3,TKT10509,137.0,C107,S
510,1,3,Passenger_510,female,31.0,3,3,TKT10510,16.33,,Q
511,1,2,Passenger_511,female,47.0,0,3,TKT10511,100.94,C194,C
512,0,3,Passenger_512,male,22.0,2,3,TKT10512,6.39,,C
513,0,3,Passenger_513,male,36.0,3,0,TKT10513,68.83,,C
514,0,3,Passenger_514,male,39.0,0,2,TKT10514,61.4,,Q
515,0,3,Passenger_515,male,11.0,1,0,TKT10515,17.0,,C
516,1,1,Passenger_516,female,28.0,2,0,TKT10516,163.62,C140,Q
517,1,2,Passenger_517,female,27.0,4,2,TKT10517,129.2,C106,S
518,0,2,Passenger_518,male,51.0,4,1,TKT10518,130.46,,Q
519,0,3,Passenger_519,male,24.0,0,3,TKT10519,37.63,C153,Q
520,1,3,Passenger_520,female,31.0,0,0,TKT10520,24.78,,Q
521,1,1,Passenger_521,male,21.0,3,3,TKT10521,19.27,,S
522,1,1,Passenger_522,female,7.0,0,0,TKT10522,245.85,,Q
523,0,3,Passenger_523,male,48.0,2,2,TKT10523,18.47,,Q
524,1,2,Passenger_524,male,2.0,1,2,TKT10524,29.43,C130,Q
525,1,3,Passenger_525,female,27.0,0,1,TKT10525,87.3,,C
526,1,3,Passenger_526,female,21.0,4,1,TKT10526,52.7,,C
527,0,2,Passenger_527,male,26.0,3,1,TKT10527,87.94,C122,C
528,1,1,Passenger_528,female,48.0,3,0,TKT10528,127.64,,Q
529,0,2,Passenger_529,male,64.0,4,3,TKT10529,21.92,C149,C
530,1,3,Passenger_530,female,45.0,4,3,TKT10530,102.89,,Q
531,0,1,Passenger_531,female,24.0,0,0,TKT10531,158.8,,S
532,0,3,Passenger_532,male,24.0,4,3,TKT10532,83.01,,S
533,1,1,Passenger_533,male,,3,2,TKT10533,267.44,,C
534,1,3,Passenger_534,female,28.0,1,2,TKT10534,75.15,,C
535,1,1,Passenger_535,female,22.0,2,3,TKT10535,187.26,C83,C
536,0,3,Passenger_536,male,26.0,2,0,TKT10536,80.2,,Q
537,1,3,Passenger_537,female,24.0,4,0,TKT10537,95.02,,S
538,1,3,Passenger_538,female,21.0,3,2,TKT10538,4.17,,C
539,0,2,Passenger_539,male,46.0,4,2,TKT10539,28.64,,C
540,0,2,Passenger_540,male,42.0,2,0,TKT10540,48.65,C24,Q
541,0,3,Passenger_541,male,27.0,3,3,TKT10541,23.49,C111,S
542,1,2,Passenger_542,female,,2,3,TKT10542,105.96,C48,Q
543,0,3,Passenger_543,male,27.0,3,0,TKT10543,55.4,C196,C
544,0,2,Passenger_544,female,49.0,0,1,TKT10544,132.66,,C
545,0,3,Passenger_545,male,33.0,3,3,TKT10545,59.23,,C
546,0,3,Passenger_546,male,39.0,2,1,TKT10546,67.85,,S
547,0,3,Passenger_547,male,7.0,3,2,TKT10547,70.65,C61,S
548,0,3,Passenger_548,male,13.0,4,2,TKT10548,52.76,C85,S
549,1,1,Passenger_549,female,39.0,1,2,TKT10549,140.84,,C
550,1,3,Passenger_550,female,26.0,2,1,TKT10550,39.14,,Q
551,0,2,Passenger_551,male,21.0,4,3,TKT10551,50.48,,Q
552,1,1,Passenger_552,female,7.0,3,2,TKT10552,98.4,,S
553,1,1,Passenger_553,female,32.0,3,3,TKT10553,231.94,C42,C
554,0,2,Passenger_554,male,19.0,4,2,TKT10554,72.53,,S
555,0,2,Passenger_555,male,14.0,0,0,TKT10555,27.29,,Q
556,0,3,Passenger_556,female,41.0,1,2,TKT10556,19.79,,Q
557,1,3,Passenger_557,female,35.0,4,1,TKT10557,94.66,,C
558,1,2,Passenger_558,female,63.0,0,2,TKT10558,29.18,,Q
559,1,1,Passenger_559,female,46.0,2,2,TKT10559,234.85,,C
560,1,2,Passenger_560,female,45.0,3,1,TKT10560,7.53,,C
561,1,2,Passenger_561,female,37.0,3,1,TKT10561,112.35,,Q
562,0,3,Passenger_562,male,30.0,3,2,TKT10562,103.83,C12,
563,1,1,Passenger_563,female,50.0,4,0,TKT10563,184.02,,C
564,1,3,Passenger_564,male,27.0,3,1,TKT10564,28.67,C72,C
565,1,3,Passenger_565,female,38.0,2,2,TKT10565,46.57,C39,S
566,1,1,Passenger_566,female,23.0,0,1,TKT10566,62.34,,C
567,1,3,Passenger_567,female,1.0,3,3,TKT10567,13.57,C47,Q
568,1,3,Passenger_568,female,45.0,4,1,TKT10568,61.65,,S
569,1,3,Passenger_569,female,32.0,0,3,TKT10569,40.22,C169,S
570,1,3,Passenger_570,female,27.0,2,0,TKT10570,69.07,C146,C
571,1,1,Passenger_571,male,27.0,4,3,TKT10571,34.59,C23,
572,1,2,Passenger_572,male,34.0,3,2,TKT10572,102.22,C189,Q
573,1,3,Passenger_573,female,44.0,4,1,TKT10573,52.07,,C
574,0,1,Passenger_574,female,45.0,3,0,TKT10574,18.63,C127,C
575,0,3,Passenger_575,male,24.0,2,1,TKT10575,102.55,,Q
576,1,1,Passenger_576,male,31.0,0,0,TKT10576,162.64,,C
577,1,1,Passenger_577,female,44.0,3,1,TKT10577,247.02,C81,C
578,1,3,Passenger_578,female,,2,2,TKT10578,100.77,C67,S
579,0,1,Passenger_579,male,28.0,1,3,TKT10579,147.17,,C
580,1,3,Passenger_580,female,,0,1,TKT10580,15.88,C7,S
581,1,3,Passenger_581,male,11.0,1,0,TKT10581,32.8,,C
582,0,3,Passenger_582,female,37.0,3,1,TKT10582,22.64,,Q
583,1,3,Passenger_583,female,43.0,4,2,TKT10583,5.86,,C
584,1,3,Passenger_584,female,11.0,4,0,TKT10584,45.16,,C
585,1,2,Passenger_585,male,15.0,3,0,TKT10585,27.83,,Q
586,1,3,Passenger_586,female,15.0,3,1,TKT10586,92.24,C173,Q
587,1,3,Passenger_587,female,38.0,2,0,TKT10587,70.18,,S
588,0,2,Passenger_588,female,4.0,4,0,TKT10588,156.14,C129,C
589,0,1,Passenger_589,male,12.0,1,3,TKT10589,85.21,,C
590,0,3,Passenger_590,male,38.0,3,3,TKT10590,100.35,,S
591,0,3,Passenger_591,male,36.0,1,2,TKT10591,18.11,,C
592,0,2,Passenger_592,male,31.0,1,0,TKT10592,133.07,,C
593,1,2,Passenger_593,female,28.0,3,2,TKT10593,99.51,,S
594,1,3,Passenger_594,female,,3,2,TKT10594,98.42,C18,C
595,0,1,Passenger_595,female,38.0,0,1,TKT10595,282.64,C76,S
596,0,3,Passenger_596,female,29.0,0,2,TKT10596,93.98,,Q
597,1,2,Passenger_597,female,48.0,1,2,TKT10597,16.03,C33,Q
598,1,1,Passenger_598,female,,4,2,TKT10598,165.91,C152,Q
599,1,1,Passenger_599,female,36.0,2,2,TKT10599,198.27,C115,C
600,0,2,Passenger_600,male,29.0,1,1,TKT10600,56.77,,C
601,1,3,Passenger_601,female,29.0,1,2,TKT10601,48.46,,S
602,0,2,Passenger_602,male,23.0,0,2,TKT10602,106.76,,C
603,1,3,Passenger_603,female,51.0,3,1,TKT10603,16.82,C132,S
604,0,3,Passenger_604,male,29.0,0,1,TKT10604,98.46,C29,C
605,1,2,Passenger_605,female,23.0,2,2,TKT10605,48.14,,S
606,1,2,Passenger_606,female,,3,0,TKT10606,21.86,,C
607,1,3,Passenger_607,female,33.0,4,1,TKT10607,79.87,,Q
608,1,3,Passenger_608,female,,4,3,TKT10608,41.61,,C
609,1,3,Passenger_609,female,44.0,2,0,TKT10609,67.82,,S
610,1,3,Passenger_610,male,,0,0,TKT10610,69.28,C63,Q
611,1,2,Passenger_611,female,36.0,0,3,TKT10611,135.11,,S
612,1,1,Passenger_612,female,12.0,0,1,TKT10612,93.64,,S
613,1,1,Passenger_613,male,20.0,0,2,TKT10613,125.67,,C
614,0,2,Passenger_614,male,21.0,4,1,TKT10614,78.61,,Q
615,1,2,Passenger_615,female,15.0,0,2,TKT10615,87.97,,Q
616,1,2,Passenger_616,female,31.0,0,1,TKT10616,123.0,C138,S
617,1,3,Passenger_617,female,45.0,2,1,TKT10617,2.14,,C
618,0,3,Passenger_618,male,30.0,2,0,TKT10618,18.56,,Q
619,0,2,Passenger_619,male,58.0,4,2,TKT10619,138.48,C70,C
620,1,2,Passenger_620,female,29.0,4,2,TKT10620,5.56,,
621,0,3,Passenger_621,male,4.0,3,0,TKT10621,82.45,C172,Q
622,0,3,Passenger_622,male,45.0,3,2,TKT10622,41.56,,Q
623,0,3,Passenger_623,male,28.0,2,1,TKT10623,11.27,,Q
624,1,2,Passenger_624,female,6.0,4,1,TKT10624,4.22,,Q
625,1,1,Passenger_625,male,21.0,4,1,TKT10625,234.7,,S
626,1,3,Passenger_626,female,13.0,0,2,TKT10626,71.57,,C
627,1,1,Passenger_627,female,37.0,4,3,TKT10627,158.02,,Q
628,0,2,Passenger_628,female,18.0,0,3,TKT10628,32.92,,S
629,0,1,Passenger_629,male,34.0,0,0,TKT10629,153.24,,S
630,0,3,Passenger_630,male,41.0,2,1,TKT10630,98.4,,Q
631,1,3,Passenger_631,male,41.0,0,1,TKT10631,8.41,,C
632,1,1,Passenger_632,male,23.0,3,3,TKT10632,35.6,,
633,1,3,Passenger_633,female,38.0,2,0,TKT10633,48.44,,C
634,0,1,Passenger_634,male,2.0,4,2,TKT10634,115.09,C16,C
635,1,2,Passenger_635,female,52.0,4,1,TKT10635,25.7,C133,C
636,0,2,Passenger_636,male,24.0,4,0,TKT10636,67.75,,S
637,0,3,Passenger_637,male,16.0,2,2,TKT10637,64.98,C11,C
638,0,3,Passenger_638,male,1.0,3,1,TKT10638,26.48,C97,Q
639,0,1,Passenger_639,male,26.0,0,1,TKT10639,95.24,C51,S
640,1,3,Passenger_640,male,,1,2,TKT10640,88.6,C26,
641,0,2,Passenger_641,male,13.0,1,2,TKT10641,72.98,C160,C
642,0,1,Passenger_642,male,5.0,1,1,TKT10642,64.95,,C
643,0,2,Passenger_643,male,27.0,2,1,TKT10643,133.51,,Q
644,1,3,Passenger_644,male,37.0,4,2,TKT10644,52.98,,C
645,1,3,Passenger_645,female,28.0,4,0,TKT10645,23.23,,S
646,1,1,Passenger_646,female,44.0,2,2,TKT10646,174.86,,S
647,0,3,Passenger_647,male,17.0,3,3,TKT10647,39.6,,C
648,1,3,Passenger_648,male,,2,0,TKT10648,82.31,,S
649,0,3,Passenger_649,male,29.0,2,1,TKT10649,74.12,C67,
650,1,3,Passenger_650,female,53.0,3,3,TKT10650,85.98,C39,Q
651,0,2,Passenger_651,male,28.0,4,3,TKT10651,113.76,C110,C
652,0,2,Passenger_652,female,20.0,4,0,TKT10652,60.5,,Q
653,1,3,Passenger_653,female,,4,2,TKT10653,35.37,,S
654,1,3,Passenger_654,female,44.0,4,3,TKT10654,102.14,,S
655,1,3,Passenger_655,female,35.0,0,3,TKT10655,4.82,,S
656,1,1,Passenger_656,male,33.0,4,0,TKT10656,58.87,,C
657,1,1,Passenger_657,male,56.0,1,2,TKT10657,138.61,,Q
658,1,2,Passenger_658,female,22.0,1,3,TKT10658,12.92,,C
659,1,1,Passenger_659,female,26.0,3,2,TKT10659,220.72,C45,Q
660,0,3,Passenger_660,male,30.0,3,3,TKT10660,95.06,,S
661,0,3,Passenger_661,male,42.0,0,1,TKT10661,94.85,C20,C
662,1,3,Passenger_662,female,18.0,2,1,TKT10662,53.74,,C
663,1,1,Passenger_663,female,38.0,0,1,TKT10663,106.43,,Q
664,1,3,Passenger_664,female,18.0,2,1,TKT10664,19.5,,S
665,1,2,Passenger_665,male,29.0,3,2,TKT10665,30.37,,Q
666,0,3,Passenger_666,male,28.0,3,0,TKT10666,63.15,C96,S
667,0,1,Passenger_667,male,33.0,1,0,TKT10667,73.8,,S
668,0,2,Passenger_668,male,30.0,1,1,TKT10668,146.19,,C
669,0,2,Passenger_669,male,20.0,3,1,TKT10669,13.23,,C
670,1,3,Passenger_670,female,37.0,0,1,TKT10670,27.8,,S
671,0,3,Passenger_671,male,40.0,3,0,TKT10671,36.29,,Q
672,0,1,Passenger_672,male,,0,2,TKT10672,78.65,,C
673,1,3,Passenger_673,male,31.0,4,3,TKT10673,77.55,C11,C
674,1,3,Passenger_674,female,33.0,1,2,TKT10674,37.07,,S
675,1,1,Passenger_675,male,41.0,0,0,TKT10675,272.65,C33,S
676,1,3,Passenger_676,male,17.0,3,3,TKT10676,33.88,,Q
677,1,1,Passenger_677,female,26.0,2,3,TKT10677,121.93,C195,C
678,1,3,Passenger_678,female,54.0,3,0,TKT10678,79.55,C66,C
679,1,3,Passenger_679,female,26.0,2,1,TKT10679,75.06,,S
680,1,2,Passenger_680,female,47.0,3,3,TKT10680,151.73,C19,C
681,1,1,Passenger_681,male,16.0,3,2,TKT10681,242.45,,Q
682,0,3,Passenger_682,male,41.0,1,1,TKT10682,50.85,,C
683,1,2,Passenger_683,female,9.0,4,1,TKT10683,5.01,,S
684,0,3,Passenger_684,male,35.0,3,1,TKT10684,86.79,,C
685,1,3,Passenger_685,female,30.0,0,2,TKT10685,85.2,,C
686,1,1,Passenger_686,male,1.0,0,3,TKT10686,167.02,,Q
687,0,1,Passenger_687,male,13.0,4,1,TKT10687,63.1,C105,S
688,1,1,Passenger_688,male,31.0,0,3,TKT10688,44.43,,S
689,0,1,Passenger_689,male,51.0,4,0,TKT10689,35.91,C69,Q
690,0,3,Passenger_690,female,38.0,2,2,TKT10690,71.69,,C
691,0,1,Passenger_691,male,47.0,3,1,TKT10691,14.11,C95,S
692,1,2,Passenger_692,female,11.0,1,0,TKT10692,154.13,,C
693,0,3,Passenger_693,female,31.0,0,2,TKT10693,45.77,C76,C
694,0,3,Passenger_694,male,46.0,4,0,TKT10694,15.14,,S
695,0,3,Passenger_695,male,45.0,1,1,TKT10695,19.48,C8,Q
696,1,3,Passenger_696,female,25.0,1,2,TKT10696,70.06,,Q
697,0,3,Passenger_697,male,52.0,4,0,TKT10697,67.82,C168,C
698,1,2,Passenger_698,female,6.0,0,2,TKT10698,16.55,,S
699,1,3,Passenger_699,female,51.0,0,2,TKT10699,8.4,,Q
700,0,3,Passenger_700,male,2.0,4,1,TKT10700,12.96,,S
701,1,2,Passenger_701,male,26.0,0,2,TKT10701,50.42,C123,Q
702,1,2,Passenger_702,male,22.0,3,0,TKT10702,153.36,C58,C
703,0,2,Passenger_703,male,44.0,1,0,TKT10703,87.03,,C
704,0,3,Passenger_704,male,12.0,2,1,TKT10704,73.65,C149,Q
705,1,1,Passenger_705,male,21.0,3,2,TKT10705,281.02,C3,S
706,0,2,Passenger_706,male,32.0,3,1,TKT10706,144.92,C31,S
707,1,3,Passenger_707,female,22.0,1,0,TKT10707,14.21,C168,C
708,0,3,Passenger_708,male,33.0,3,2,TKT10708,66.63,,C
709,0,3,Passenger_709,male,1.0,0,1,TKT10709,41.28,,Q
710,0,3,Passenger_710,male,8.0,0,3,TKT10710,58.85,,Q
711,1,1,Passenger_711,male,59.0,4,1,TKT10711,7.88,,C
712,1,1,Passenger_712,female,23.0,0,2,TKT10712,117.59,,Q
713,0,3,Passenger_713,male,39.0,1,3,TKT10713,73.04,,Q
714,0,2,Passenger_714,male,23.0,1,1,TKT10714,49.02,,S
715,0,2,Passenger_715,male,14.0,1,3,TKT10715,72.96,,C
716,1,3,Passenger_716,female,38.0,4,1,TKT10716,44.93,,S
717,0,3,Passenger_717,male,27.0,3,0,TKT10717,35.71,,S
718,1,1,Passenger_718,male,47.0,3,1,TKT10718,122.21,C151,S
719,1,3,Passenger_719,female,8.0,4,2,TKT10719,64.1,,S
720,1,3,Passenger_720,female,26.0,2,0,TKT10720,72.18,,Q
721,0,3,Passenger_721,male,27.0,3,1,TKT10721,46.89,,C
722,0,3,Passenger_722,male,19.0,0,2,TKT10722,43.58,,C
723,0,2,Passenger_723,male,24.0,3,0,TKT10723,150.46,,C
724,1,1,Passenger_724,male,27.0,1,0,TKT10724,224.96,C170,Q
725,0,3,Passenger_725,male,21.0,4,1,TKT10725,19.93,C109,C
726,0,3,Passenger_726,male,32.0,2,1,TKT10726,86.99,,
727,1,3,Passenger_727,female,,4,0,TKT10727,97.57,,Q
728,0,2,Passenger_728,male,15.0,1,3,TKT10728,57.41,,S
729,1,3,Passenger_729,female,31.0,2,1,TKT10729,50.13,,C
730,0,3,Passenger_730,male,29.0,3,1,TKT10730,16.36,C51,Q
731,0,2,Passenger_731,female,39.0,0,1,TKT10731,105.14,,C
732,0,3,Passenger_732,male,40.0,3,3,TKT10732,15.5,,
733,0,3,Passenger_733,male,24.0,0,3,TKT10733,51.1,,C
734,0,2,Passenger_734,male,18.0,0,2,TKT10734,155.37,,S
735,1,3,Passenger_735,male,23.0,1,1,TKT10735,14.38,C110,
736,0,3,Passenger_736,male,24.0,3,3,TKT10736,55.67,,Q
737,1,2,Passenger_737,female,,2,3,TKT10737,40.94,,S
738,0,2,Passenger_738,female,40.0,4,0,TKT10738,69.11,,
739,0,3,Passenger_739,male,13.0,4,2,TKT10739,26.4,C34,C
740,1,3,Passenger_740,male,49.0,1,1,TKT10740,74.02,,S
741,0,1,Passenger_741,male,29.0,4,2,TKT10741,279.3,C112,Q
742,1,3,Passenger_742,female,25.0,4,0,TKT10742,19.12,,C
743,0,3,Passenger_743,male,12.0,0,1,TKT10743,46.77,,Q
744,1,1,Passenger_744,male,30.0,1,0,TKT10744,275.49,,Q
745,1,1,Passenger_745,male,25.0,0,1,TKT10745,95.63,C70,Q
746,0,3,Passenger_746,male,12.0,1,0,TKT10746,2.23,,C
747,1,2,Passenger_747,female,13.0,0,0,TKT10747,129.29,,
748,0,3,Passenger_748,male,40.0,2,1,TKT10748,85.47,,S
749,1,2,Passenger_749,female,8.0,1,3,TKT10749,17.47,,S
750,1,1,Passenger_750,male,,1,1,TKT10750,256.61,,Q
751,1,3,Passenger_751,female,,0,0,TKT10751,40.66,C12,S
752,1,1,Passenger_752,male,22.0,4,0,TKT10752,248.92,,S
753,0,2,Passenger_753,male,12.0,1,2,TKT10753,53.93,,S
754,1,1,Passenger_754,male,32.0,2,0,TKT10754,162.91,,C
755,0,3,Passenger_755,male,24.0,3,0,TKT10755,52.29,,S
756,1,2,Passenger_756,female,21.0,0,0,TKT10756,95.69,,S
757,1,1,Passenger_757,female,35.0,3,2,TKT10757,291.95,C39,Q
758,0,1,Passenger_758,male,18.0,3,3,TKT10758,255.74,,S
759,0,3,Passenger_759,male,20.0,3,2,TKT10759,16.19,,Q
760,1,3,Passenger_760,female,43.0,1,3,TKT10760,10.62,,Q
761,1,3,Passenger_761,male,23.0,2,3,TKT10761,99.84,C200,S
762,1,1,Passenger_762,female,37.0,4,3,TKT10762,80.51,C181,S
763,1,3,Passenger_763,male,14.0,0,3,TKT10763,87.57,,S
764,0,3,Passenger_764,female,45.0,3,1,TKT10764,78.45,,Q
765,0,3,Passenger_765,male,33.0,4,1,TKT10765,53.46,C117,S
766,0,3,Passenger_766,female,33.0,1,3,TKT10766,97.17,,C
767,0,3,Passenger_767,male,9.0,4,0,TKT10767,85.44,,C
768,0,3,Passenger_768,male,46.0,1,2,TKT10768,13.15,,S
769,0,1,Passenger_769,male,37.0,2,1,TKT10769,175.21,,Q
770,1,1,Passenger_770,female,35.0,0,2,TKT10770,8.85,,C
771,1,1,Passenger_771,female,51.0,3,0,TKT10771,160.04,,S
772,0,1,Passenger_772,male,26.0,3,0,TKT10772,277.34,,S
773,0,3,Passenger_773,male,7.0,2,3,TKT10773,82.25,C11,C
774,1,2,Passenger_774,female,27.0,4,0,TKT10774,149.82,C37,Q
775,1,3,Passenger_775,female,46.0,3,0,TKT10775,48.51,,S
776,0,2,Passenger_776,male,11.0,3,2,TKT10776,119.98,,C
777,0,3,Passenger_777,male,38.0,1,3,TKT10777,39.52,,Q
778,1,3,Passenger_778,female,19.0,0,1,TKT10778,73.52,,Q
779,0,3,Passenger_779,female,34.0,2,3,TKT10779,49.91,C102,Q
780,0,2,Passenger_780,male,58.0,2,2,TKT10780,155.7,,C
781,0,3,Passenger_781,male,35.0,4,3,TKT10781,8.45,,C
782,0,2,Passenger_782,male,37.0,1,0,TKT10782,24.83,C108,C
783,0,3,Passenger_783,female,32.0,2,2,TKT10783,18.88,C179,C
784,1,3,Passenger_784,female,24.0,4,1,TKT10784,10.03,,Q
785,1,1,Passenger_785,female,39.0,2,0,TKT10785,248.81,,Q
786,0,3,Passenger_786,male,42.0,4,0,TKT10786,5.81,,Q
787,1,3,Passenger_787,female,10.0,4,0,TKT10787,39.88,,C
788,1,2,Passenger_788,female,58.0,2,2,TKT10788,129.94,,C
789,1,3,Passenger_789,female,38.0,3,2,TKT10789,88.35,C26,Q
790,0,3,Passenger_790,male,46.0,4,3,TKT10790,12.67,,Q
791,0,3,Passenger_791,male,35.0,4,3,TKT10791,13.77,C119,C
792,1,3,Passenger_792,female,22.0,1,2,TKT10792,29.4,C107,Q
793,0,3,Passenger_793,male,33.0,4,2,TKT10793,36.29,C50,Q
794,1,3,Passenger_794,female,30.0,4,3,TKT10794,15.24,,Q
795,0,1,Passenger_795,male,32.0,0,3,TKT10795,264.43,,Q
796,1,1,Passenger_796,male,51.0,4,1,TKT10796,14.77,,
797,0,1,Passenger_797,male,13.0,1,2,TKT10797,65.61,,S
798,1,3,Passenger_798,male,11.0,4,0,TKT10798,13.41,,Q
799,1,2,Passenger_799,male,47.0,0,3,TKT10799,124.93,,C
800,0,3,Passenger_800,female,4.0,3,1,TKT10800,20.44,C31,S
801,1,1,Passenger_801,female,48.0,4,2,TKT10801,290.02,,S
802,1,1,Passenger_802,male,29.0,1,0,TKT10802,106.56,,S
803,0,2,Passenger_803,male,19.0,3,3,TKT10803,81.63,,C
804,0,1,Passenger_804,female,44.0,4,2,TKT10804,56.98,,S
805,1,1,Passenger_805,female,40.0,2,2,TKT10805,281.23,C65,S
806,1,3,Passenger_806,female,38.0,4,2,TKT10806,42.74,C92,S
807,1,1,Passenger_807,male,13.0,2,0,TKT10807,225.77,C144,S
808,1,2,Passenger_808,female,47.0,1,0,TKT10808,89.02,C20,Q
809,1,1,Passenger_809,female,24.0,3,3,TKT10809,20.58,,C
810,0,3,Passenger_810,female,41.0,2,0,TKT10810,67.79,C104,Q
811,1,1,Passenger_811,male,26.0,3,2,TKT10811,90.37,,C
812,0,3,Passenger_812,female,25.0,3,3,TKT10812,88.72,,S
813,0,3,Passenger_813,male,57.0,1,1,TKT10813,11.07,C2,Q
814,1,3,Passenger_814,male,28.0,0,0,TKT10814,6.98,,C
815,1,1,Passenger_815,female,46.0,2,1,TKT10815,236.87,,C
816,1,3,Passenger_816,female,21.0,2,3,TKT10816,25.14,,C
817,0,3,Passenger_817,male,28.0,1,0,TKT10817,70.53,,C
818,0,3,Passenger_818,female,24.0,1,0,TKT10818,95.4,,S
819,1,3,Passenger_819,female,43.0,4,0,TKT10819,17.12,C48,S
820,1,3,Passenger_820,female,36.0,2,0,TKT10820,96.71,,S
821,1,1,Passenger_821,female,17.0,3,3,TKT10821,65.64,,S
822,0,3,Passenger_822,female,34.0,1,0,TKT10822,24.5,,S
823,1,3,Passenger_823,female,22.0,2,3,TKT10823,23.08,,S
824,0,3,Passenger_824,male,36.0,4,3,TKT10824,77.53,,Q
825,1,2,Passenger_825,female,50.0,0,1,TKT10825,152.33,,S
826,1,1,Passenger_826,female,25.0,1,3,TKT10826,39.75,C135,S
827,0,2,Passenger_827,male,50.0,3,2,TKT10827,154.69,,C
828,1,3,Passenger_828,female,44.0,4,3,TKT10828,13.59,,Q
829,1,3,Passenger_829,male,27.0,3,2,TKT10829,23.14,,S
830,0,1,Passenger_830,female,32.0,2,2,TKT10830,126.0,,C
831,0,3,Passenger_831,male,35.0,2,2,TKT10831,13.33,,S
832,1,3,Passenger_832,female,,1,2,TKT10832,51.78,,S
833,0,2,Passenger_833,male,28.0,0,0,TKT10833,41.63,,C
834,0,3,Passenger_834,male,,1,1,TKT10834,46.19,C64,S
835,1,3,Passenger_835,female,5.0,2,2,TKT10835,19.77,,C
836,1,1,Passenger_836,male,47.0,4,1,TKT10836,98.45,,S
837,1,2,Passenger_837,female,39.0,2,3,TKT10837,57.36,,C
838,1,3,Passenger_838,female,41.0,4,2,TKT10838,82.39,,Q
839,1,2,Passenger_839,female,,0,3,TKT10839,126.77,,Q
840,1,3,Passenger_840,male,16.0,2,3,TKT10840,72.58,,S
841,0,3,Passenger_841,male,44.0,1,1,TKT10841,32.8,C160,C
842,1,1,Passenger_842,male,48.0,4,0,TKT10842,165.45,C114,S
843,0,3,Passenger_843,male,1.0,4,2,TKT10843,85.96,,Q
844,1,1,Passenger_844,male,52.0,1,1,TKT10844,162.9,,Q
845,1,3,Passenger_845,female,23.0,0,3,TKT10845,44.64,,C
846,0,3,Passenger_846,female,17.0,4,3,TKT10846,6.44,,C
847,1,2,Passenger_847,female,40.0,4,3,TKT10847,81.69,C87,S
848,0,3,Passenger_848,male,16.0,2,3,TKT10848,9.05,,Q
849,1,3,Passenger_849,female,23.0,4,3,TKT10849,8.98,,S
850,1,3,Passenger_850,female,12.0,1,0,TKT10850,93.94,C17,S
851,1,2,Passenger_851,female,52.0,2,0,TKT10851,144.54,,C
852,1,2,Passenger_852,male,35.0,3,2,TKT10852,37.65,C50,Q
853,0,3,Passenger_853,male,37.0,2,3,TKT10853,60.1,C187,S
854,1,3,Passenger_854,female,54.0,4,3,TKT10854,53.21,,C
855,1,1,Passenger_855,female,42.0,4,2,TKT10855,37.15,,C
856,1,2,Passenger_856,female,17.0,2,0,TKT10856,136.72,C157,S
857,1,1,Passenger_857,female,50.0,3,2,TKT10857,206.3,,S
858,0,3,Passenger_858,male,37.0,2,0,TKT10858,26.14,,S
859,0,3,Passenger_859,male,64.0,4,0,TKT10859,92.68,,C
860,1,2,Passenger_860,male,25.0,2,1,TKT10860,6.41,,S
861,1,3,Passenger_861,female,25.0,1,3,TKT10861,73.68,C95,Q
862,1,3,Passenger_862,female,28.0,1,1,TKT10862,11.47,C138,S
863,0,1,Passenger_863,male,32.0,1,2,TKT10863,19.64,,C
864,0,1,Passenger_864,male,24.0,4,1,TKT10864,157.82,,Q
865,1,3,Passenger_865,female,24.0,2,2,TKT10865,73.31,,Q
866,1,1,Passenger_866,female,49.0,1,1,TKT10866,99.64,C37,Q
867,1,1,Passenger_867,male,20.0,3,0,TKT10867,89.03,,Q
868,1,1,Passenger_868,female,17.0,3,3,TKT10868,142.23,,S
869,0,1,Passenger_869,female,17.0,4,2,TKT10869,288.83,,C
870,0,3,Passenger_870,female,26.0,0,0,TKT10870,58.57,,Q
871,1,3,Passenger_871,female,45.0,1,1,TKT10871,94.75,,C
872,1,3,Passenger_872,female,26.0,0,2,TKT10872,39.01,C4,Q
873,1,1,Passenger_873,female,38.0,0,3,TKT10873,17.58,,C
874,1,3,Passenger_874,male,17.0,4,2,TKT10874,99.4,,C
875,1,3,Passenger_875,male,24.0,0,1,TKT10875,13.77,,S
876,0,3,Passenger_876,male,,2,2,TKT10876,3.73,,C
877,1,2,Passenger_877,female,19.0,2,3,TKT10877,14.06,C86,C
878,1,3,Passenger_878,female,29.0,2,0,TKT10878,18.45,,S
879,0,3,Passenger_879,male,,4,2,TKT10879,98.04,C98,C
880,0,3,Passenger_880,male,28.0,1,3,TKT10880,57.1,,S
881,1,2,Passenger_881,female,26.0,1,2,TKT10881,40.35,C178,C
882,1,1,Passenger_882,female,56.0,4,0,TKT10882,286.36,C59,Q
883,0,3,Passenger_883,male,30.0,1,2,TKT10883,83.33,,C
884,1,3,Passenger_884,female,60.0,3,0,TKT10884,19.11,C191,C
885,1,1,Passenger_885,male,38.0,4,3,TKT10885,283.18,,C
886,1,3,Passenger_886,female,31.0,4,0,TKT10886,103.57,C105,S
887,1,3,Passenger_887,female,31.0,4,0,TKT10887,17.63,,S
888,1,3,Passenger_888,female,8.0,4,2,TKT10888,98.53,,S
889,0,1,Passenger_889,female,24.0,1,0,TKT10889,255.53,,Q
890,1,2,Passenger_890,female,41.0,1,0,TKT10890,47.2,,C
891,0,2,Passenger_891,male,26.0,4,1,TKT10891,7.31,C2,S
892,1,2,Passenger_892,male,23.0,4,3,TKT10892,115.23,C184,Q
893,0,1,Passenger_893,male,42.0,1,2,TKT10893,230.31,,S
894,0,2,Passenger_894,male,,3,0,TKT10894,111.36,,C
895,1,3,Passenger_895,female,41.0,0,0,TKT10895,27.19,,Q
896,0,3,Passenger_896,male,12.0,3,2,TKT10896,15.54,C192,Q
897,1,3,Passenger_897,female,10.0,0,3,TKT10897,72.31,,Q
898,0,3,Passenger_898,male,31.0,2,3,TKT10898,52.13,,Q
899,0,2,Passenger_899,male,16.0,3,0,TKT10899,30.1,,C
900,1,3,Passenger_900,female,37.0,1,0,TKT10900,31.78,,Q
901,1,3,Passenger_901,female,23.0,3,3,TKT10901,28.7,,S
902,1,2,Passenger_902,female,17.0,4,1,TKT10902,85.2,,Q
903,0,3,Passenger_903,male,31.0,2,0,TKT10903,68.94,C138,Q
904,0,3,Passenger_904,male,24.0,2,2,TKT10904,44.28,,
905,1,1,Passenger_905,male,17.0,2,0,TKT10905,76.69,,Q
906,1,3,Passenger_906,female,39.0,2,0,TKT10906,9.9,,
907,1,1,Passenger_907,male,,4,2,TKT10907,246.59,,C
908,1,3,Passenger_908,female,5.0,2,3,TKT10908,11.58,C137,C
909,0,3,Passenger_909,female,52.0,4,0,TKT10909,48.25,,Q
910,0,1,Passenger_910,female,29.0,0,0,TKT10910,178.02,,S
911,1,2,Passenger_911,female,26.0,3,2,TKT10911,66.19,,Q
912,0,2,Passenger_912,female,12.0,1,3,TKT10912,86.67,,C
913,1,1,Passenger_913,male,24.0,0,1,TKT10913,165.48,C10,S
914,1,3,Passenger_914,female,,4,3,TKT10914,16.36,,Q
915,1,3,Passenger_915,female,17.0,1,1,TKT10915,31.71,C133,Q
916,1,2,Passenger_916,female,56.0,2,1,TKT10916,28.27,,Q
917,1,1,Passenger_917,male,27.0,3,2,TKT10917,35.26,,Q
918,0,3,Passenger_918,male,21.0,1,2,TKT10918,31.09,,C
919,1,1,Passenger_919,female,10.0,1,0,TKT10919,230.01,,C
920,0,3,Passenger_920,female,24.0,4,2,TKT10920,100.76,,Q
921,1,1,Passenger_921,male,47.0,3,0,TKT10921,105.27,,S
922,1,3,Passenger_922,female,21.0,1,3,TKT10922,40.6,C82,C
923,0,3,Passenger_923,male,54.0,3,3,TKT10923,52.11,,C
924,0,3,Passenger_924,male,21.0,2,3,TKT10924,23.91,,Q
925,0,1,Passenger_925,male,,2,2,TKT10925,35.07,,C
926,0,1,Passenger_926,female,36.0,2,2,TKT10926,197.74,C162,Q
927,0,3,Passenger_927,male,29.0,0,0,TKT10927,39.81,C34,Q
928,0,2,Passenger_928,male,9.0,0,2,TKT10928,18.05,,Q
929,1,3,Passenger_929,female,36.0,2,0,TKT10929,98.1,,C
930,0,1,Passenger_930,male,24.0,3,0,TKT10930,90.63,C1,S
931,1,3,Passenger_931,female,20.0,4,3,TKT10931,11.08,,S
932,0,3,Passenger_932,male,45.0,1,2,TKT10932,49.08,,Q
933,0,2,Passenger_933,male,24.0,2,1,TKT10933,89.65,C46,C
934,1,2,Passenger_934,female,42.0,3,2,TKT10934,91.74,C176,C
935,0,2,Passenger_935,male,16.0,3,2,TKT10935,102.04,,Q
936,1,3,Passenger_936,female,41.0,1,2,TKT10936,24.36,,C
937,0,2,Passenger_937,male,18.0,4,0,TKT10937,52.49,,S
938,1,3,Passenger_938,female,22.0,0,1,TKT10938,95.3,C113,C
939,1,2,Passenger_939,female,16.0,1,2,TKT10939,113.89,,Q
940,1,1,Passenger_940,male,23.0,3,2,TKT10940,298.41,,C
941,0,2,Passenger_941,male,30.0,0,0,TKT10941,50.48,,
942,0,3,Passenger_942,male,22.0,2,2,TKT10942,10.29,C40,S
943,1,3,Passenger_943,female,17.0,3,1,TKT10943,95.27,,Q
944,0,2,Passenger_944,female,31.0,1,3,TKT10944,121.53,,C
945,0,1,Passenger_945,female,58.0,1,2,TKT10945,117.2,C166,Q
946,1,1,Passenger_946,female,34.0,2,3,TKT10946,34.69,,C
947,1,1,Passenger_947,female,27.0,3,0,TKT10947,148.63,,S
948,0,2,Passenger_948,male,64.0,4,3,TKT10948,108.21,,S
949,1,3,Passenger_949,female,28.0,3,2,TKT10949,81.81,,Q
950,1,3,Passenger_950,female,49.0,0,1,TKT10950,2.79,C187,Q
951,1,3,Passenger_951,female,26.0,3,2,TKT10951,7.2,,Q
952,0,2,Passenger_952,male,30.0,2,2,TKT10952,66.99,,C
953,1,1,Passenger_953,male,29.0,0,1,TKT10953,228.83,,Q
954,1,3,Passenger_954,male,19.0,0,0,TKT10954,35.42,,S
955,0,3,Passenger_955,female,35.0,2,3,TKT10955,42.99,C111,S
956,0,2,Passenger_956,male,29.0,2,1,TKT10956,109.43,C112,S
957,0,2,Passenger_957,male,25.0,1,2,TKT10957,44.88,,C
958,1,3,Passenger_958,female,29.0,2,0,TKT10958,24.68,,S
959,1,3,Passenger_959,female,13.0,3,0,TKT10959,37.09,,C
960,0,3,Passenger_960,male,38.0,3,2,TKT10960,43.22,,Q
961,1,2,Passenger_961,female,40.0,2,2,TKT10961,72.26,,C
962,0,3,Passenger_962,female,69.0,0,2,TKT10962,58.89,,C
963,0,1,Passenger_963,male,22.0,2,1,TKT10963,271.12,,Q
964,1,3,Passenger_964,female,35.0,0,2,TKT10964,53.36,,Q
965,1,2,Passenger_965,female,37.0,4,2,TKT10965,119.95,,Q
966,1,1,Passenger_966,female,25.0,0,1,TKT10966,48.69,,Q
967,0,3,Passenger_967,male,23.0,0,2,TKT10967,4.4,,Q
968,0,2,Passenger_968,male,24.0,1,1,TKT10968,75.43,,Q
969,0,3,Passenger_969,male,19.0,1,1,TKT10969,101.39,C41,Q
970,0,3,Passenger_970,male,32.0,3,3,TKT10970,90.1,C138,S
971,0,2,Passenger_971,male,7.0,3,0,TKT10971,58.77,,Q
972,0,3,Passenger_972,male,32.0,4,0,TKT10972,75.79,C124,C
973,0,3,Passenger_973,male,26.0,3,1,TKT10973,79.36,C180,C
974,1,1,Passenger_974,female,25.0,1,1,TKT10974,166.04,,S
975,1,2,Passenger_975,male,19.0,2,1,TKT10975,117.01,C66,Q
976,0,3,Passenger_976,male,18.0,1,0,TKT10976,28.57,,Q
977,0,3,Passenger_977,male,18.0,4,2,TKT10977,40.67,,C
978,1,3,Passenger_978,female,15.0,0,2,TKT10978,25.03,C31,S
979,1,3,Passenger_979,female,1.0,4,1,TKT10979,77.77,,C
980,0,3,Passenger_980,male,37.0,4,0,TKT10980,101.15,,S
981,0,1,Passenger_981,male,33.0,4,2,TKT10981,175.29,C34,S
982,0,2,Passenger_982,male,,4,3,TKT10982,74.22,C19,Q
983,0,3,Passenger_983,male,38.0,1,3,TKT10983,32.7,,S
984,0,3,Passenger_984,male,34.0,4,3,TKT10984,103.37,,C
985,1,2,Passenger_985,female,25.0,4,1,TKT10985,55.36,,Q
986,1,1,Passenger_986,male,49.0,4,3,TKT10986,158.09,,S
987,1,1,Passenger_987,female,18.0,0,1,TKT10987,71.55,,Q
988,0,3,Passenger_988,male,16.0,2,1,TKT10988,21.67,,C
989,1,2,Passenger_989,female,35.0,2,3,TKT10989,146.19,C191,C
990,1,3,Passenger_990,female,6.0,3,0,TKT10990,79.89,,C
991,1,2,Passenger_991,female,51.0,2,2,TKT10991,130.61,,S
992,1,3,Passenger_992,male,32.0,3,2,TKT10992,12.99,C152,S
993,0,3,Passenger_993,male,18.0,2,3,TKT10993,8.14,,S
994,1,1,Passenger_994,male,1.0,0,2,TKT10994,305.51,,Q
995,0,3,Passenger_995,male,,2,2,TKT10995,72.48,C183,S
996,1,3,Passenger_996,female,35.0,1,1,TKT10996,34.88,,S
997,1,1,Passenger_997,female,29.0,3,3,TKT10997,127.62,,C
998,1,3,Passenger_998,female,26.0,0,2,TKT10998,82.74,,C
999,0,3,Passenger_999,male,33.0,0,3,TKT10999,64.36,,S
1000,1,3,Passenger_1000,female,13.0,0,1,TKT11000,68.22,C111,C
